upVotes	downVotes	url	type	title	username	realm	posttime	viewCount	commentCount	content
1	0	http://boards.na.leagueoflegends.com/en/c/skin-champion-concepts/uxAqctZ2-should-i-bring-back-my-evelynn-concept	recent	Should I bring back my Evelynn concept?	Akenero	(NA)	2016-11-17T23:11:49.605+0000	2	0	"
          I&#039;m thinking about bringing this back, with new prototype splash and lore to boot. Would people be interested in this? Also, any eve mains who want to talk to me about her kit, please let me know, because I want Evelynn players to want the kit in the game.
        "
1	1	http://boards.na.leagueoflegends.com/en/c/bug-report/Y48bTGib-new-katarina	recent	New Katarina	yugiketchum	(NA)	2016-11-17T23:10:28.229+0000	4	0	"
          I was playing Katarina today, I was killing minions and I threw my q at one that was almost dead but before my q could go off a minion killed the minion I was aiming at and my cooldown wasn&#039;t refunded. It&#039;s only happened once that but it did happen.
        "
1	0	http://boards.na.leagueoflegends.com/en/c/skin-champion-concepts/FEx1Qi6X-new-supportmage-champion	recent	New Support/Mage Champion	The Quiet Angel	(NA)	2016-11-17T23:10:14.648+0000	3	0	"
          So I have an idea for a support/control mage champion. Haven&#039;t really put a name to the champion but have come up with the abilities surrounding the idea. The concept I have is an electric/lightning champion that can engage or disengage a fight.

Passive- Walking around causes friction, after stacking to 100 *like Passive on Yasuo* causes the next basic attack to inflict 35 bonus magic damage (Scaling with Ability Power) and slow the enemy for 10% movement speed for 2 seconds.

Lightning Bolt/Q- Calls upon the skies to strike down on a designated area. After a 1.5 second delay, a bolt of lightning descends. Enemies standing around the center are dealt 70,95,120,145,170 damage (Scaling with Ability Power) and slowed by 35% decaying over 2 seconds. Enemies standing in the center are dealt 50% more damage and stunned for 1 second. Cooldowns per level: 13,12,11,10,9

Electric Fence/W- Summons a fence *like Acceleration Gate on Jayce*  for 5 seconds that any enemy champion who passes through are stunned for .5 seconds, and are dealt 50,65,80,95,110 damage (Scaling with Ability Power). Friendly champions who pass through the fence gain 35% movement speed decaying over 2 seconds and gain 20% attack speed decaying over 2 seconds. Cooldowns per level: 16,15,14,13,12

Power Up/E- Targets a friendly champion (Can be cast on yourself) and grants them 35% attack speed decaying over 2 seconds but also gives the friendly champion 3 empowered auto attacks that deal bonus magic damage *like E on Nami* (Scaling with Ability Power) that cause a chain of lightning to bounce up to 5 enemies *like R on Volibear* Cooldowns per level: 15,14,13,12,11

Thunderstorm/R- Begins to summon a storm cloud and after a 1.5 second delay, the designated area is covered by a cloud that summons lightning bolts that strike the ground below it and deal 110/150/190 damage per second *like R on Gangplank* (Scaling with Ability Power). Each enemy standing within the clouds radius is slowed by 25% for 2 seconds and have a chance of being stunned for .5 seconds (Can only occur once per champion) Cooldowns per level: 110,90,70

Let me know what you think of this idea for a new champion! Please look at my other champion ideas and leave comments there too! Will keep trying my best to come up with new and creative ideas. Thank you!
        "
1	0	http://boards.na.leagueoflegends.com/en/c/team-recruitment/To8L31w8-leveling-new-smurf	recent	Leveling new smurf	Sorta Korean	(NA)	2016-11-17T23:09:28.354+0000	3	0	"
          I am leveling a new smurf and I am looking for people who are in the same boat. If you are leveling a smurf and want to play add me!

Thanks!

Smurf: Sorta Canadian
        "
1	0	http://boards.na.leagueoflegends.com/en/c/player-behavior-moderation/FPb5EXwn-why-have-post-game-ban-options	recent	Why have post game ban options?	lv100 Hitmonlee	(NA)	2016-11-17T23:09:16.779+0000	3	0	"
          I think (know*) the ban feature is waaaay overused and would like to hear what the community thinks about it.

my thoughts...
1) Take the report feature out of post game.

why? - people should have to go to a specific option in game or the players profile. anything that is easy to do will be done more than something that is harder to do. this is the main reason why i think it is an overused option. for example if i tell my top lane to stop feeding and play back and safe, he will 75% of the time not change at all and feed. thats his choice. i then say this is why we lose bc kids like you feed and wont help the team. he then gets butt hurt and reports me for toxic behavior bc its right there and all he has to do is click 2 times and i am punished. that to me is insane. on the other hand if you have to search the summoner name, then click report option, then select a few question, and type a short description, ppl wont do that unless they actually believe that the player needs to be punished. 

2) quit wearing your feelings on your shoulder...
3) its just a game dont let ppl get to you... its just as much a mental game as a skill based game
4) trolling should be a part of this game just like literally every other game on the planet.
5) this is, and im not kidding, the only game where i have ever even reported someone. and people are waaaaay worse on wow, cod, etc. this game just makes it too easy for butt hurt kids to report ppl for everything.

now if you disagree with me dont post anything or i will report you for for toxic behavior ;P
        "
1	0	http://boards.na.leagueoflegends.com/en/c/skin-champion-concepts/TsNXRXfm-how-to-build	recent	how to build	wolfhunter715	(NA)	2016-11-17T23:06:39.186+0000	3	0	"
          Can someone help me, what is the best way to build ash i am trying to master her and teemo but i would want to know to build them the best im lvl 30 please help.{{champion:22}} {{champion:17}}
        "
1	0	http://boards.na.leagueoflegends.com/en/c/gameplay-balance/9uINNtbL-how-do-you-counter-twitch-camouflage	recent	How do you counter twitch camouflage?	D out 4 Haram B	(EUW)	2016-11-17T23:06:27.015+0000	13	3	"
          Hey guys,

Last game I played a match where the enemy team had a twitch.

I saw him running towards our group while we were going back to base, i saw him using camouflage so i used a control ward right in the middle of our group to be able to see him.

Next thing you know, he pops out of camouflage right next to the control ward and we couldnt see him before.

Putting control wards in plain sight just to counter twitch is already a pain in the a** to do, so if it even doesnt work what can you do about it?

TIA for help!
        "
2	0	http://boards.na.leagueoflegends.com/en/c/bug-report/q4RRvVab-jhin-passive-for-rooting	recent	Jhin passive for rooting?	Nyymeria	(NA)	2016-11-17T23:05:42.435+0000	4	0	"
          When i was playing Jhin i saw the mark on enemy champions even though i didn&#039;t auto them or my ally did and the mark was already there and when you W them they don&#039;t get root so i can&#039;t tell when i can root them or not.
        "
1	0	http://boards.na.leagueoflegends.com/en/c/gameplay-balance/cymgv1V1-meddler-confirmed-vayne-nerfs-thank-you-riot-for-listening-to-players	recent	Meddler confirmed Vayne nerfs thank you riot for listening to players	FaytalityHD	(EUW)	2016-11-17T23:05:34.986+0000	9	0	"
          {{sticker:slayer-pantheon-thumbs}}
        "
1	0	http://boards.na.leagueoflegends.com/en/c/gameplay-balance/Fw3c770B-i-created-a-wukong-rework-concept-pls-take-a-look-and-feedback	recent	I created a Wukong rework concept. Pls take a look and feedback :)	Animes are trash	(EUW)	2016-11-17T23:05:03.154+0000	11	2	"
          Hey guys. 

I was thinking off how we could rework Wukong. Sure he is decent right now, but he he is also outdated and could enjoy some fresh wind. 

First of all, how do we see Wukong and what are his Keyparts: 


- Stealth Engage: The ability to go into stealth and engage into the backline doing massive dmg surprising the enemy team. 
- Trickster: The ability to trick enemys with your clone and mobility. 
- Cyclone: His Ultimate is a big Keypart of Wukong and it would be nice if this could stay like it is. 

What can we cut out of his current Kit ? 

- His Q and the armorpen: It&#039;s nice to have it but it wouldnt be horrific if we would remove this ability since its not that meaningfull at all. 

- His Passive: His passive is one of the most forgotte passive in the game. Its &quot; ok &quot; to have it in the lategame but it could be reworked.

What are his strenghts what are his cons ? 

- Wukong is really punished when he falls behind. Since he has no form of waveclear or skillshot he can get punished for ever single minion he wants to take when behind. 

- Needs Dmg Items to be usefull. 

- His only direction is into the enemy. Trading against an enemy who is ahead is basicly never worth 

- He is mainly physical DMG. One Sunfire and he gets shit on. 

- Strong Initiation: His Init is A+ Lv. high DMG, good CC. 

- Very mobile: His is a really mobile Champion. 

- Snowballs really hard. 


What do we want ? 

- Keeping the Idendity of being a stealth engager with the Ultimate. 

- The ability to trick the enemy. 

- Adding some form of ranged skillshot.  

- Adding various DMG types ( such as AP or %Physical ). 

- Giving the enemy Time to react and counterplay. 

- Giving some way to improve his Jungling.

THE ABILITIES:
-

&gt; - Passive: No specific Name yet

&gt;After being unseen for at least 0.75 seconds, Wukong next basic attack or ability will slow his target for 20/25/30/35/40%. Also his next basic attack will deal 15+10/Lv. magic damage. 

This will improve he pre 6 Jungling a bit. The slow will scale for each point you put into W. This will prevent him from getting to much CC too early since you usually max W last. Also this will ad some magic damage into lane so he doesnt get fully punished when the enemy Maokai rushes Sunfire Cape. 

___________________________________________________________________________________________________________

&gt; - Q: Crushing Blow  

&gt; Skillshot:  Wukong extends his Staff and smashing it into ground in a straight line in front of him dealing X physical damage ( + % current HP dmg, not sure about this ) to all enemy units. Also the first enemy champion he hits will be marked. 

Another big change. This ability will give Wukong a way to do smthing even when behind and provides him with decent waveclear. Imagine an Illaoi Q just way thinner and way faster. The mark will be interesting once you lvl&#039;d W and E ( dont worry they will remain the same ). This Q will allow you to harass your enemy but its slow enough for the enenmy to react. 

____________________________________________________________________________________________________________

&gt; - W: Decoy  

&gt; Wukong enters invisibility for 1.5 seconds and leaves behind a decoy of himself which, after 1.5 seconds, vanishes and deals magic damage to all nearby enemies. If there is a marked enemy nearby the Clone will instead use a mimiced Nimbus Strike(E) on that enemy dealing half of Nimbus Strikes(E) damage. The Clone vanishes after he used Nimbus Strike(E). Wukong will remain stealth until it breaks. 

This combo can also trigger the passive slow ( but not the magic damage ). It also has cool mindplay in it. Remember it only jumps on the marked champion and thats the first hit with your Q. This can result into a nice combo in lane = hitting Q - W  and re(al)engage with your E + Passive. 

____________________________________________________________________________________________________________

&gt; - E: Nimbus Strike

Remains how it is. The only change is that your clone can only use nimbus strike if you have lvl&#039;d it at least once. 

____________________________________________________________________________________________________________

&gt; - R: Cyclone 

Also remains the same. The Movementspeed gain will probably be lowered to compensate the additional slow. 



Well thats it so far. This is a raw concept without big numbers. I tryed to keep Wukongs Idendity. 

I was playing around with an additional W passive like &quot; Wukong gains 20% Damage-Reduction for 1/2/3 seconds &quot; but  I think that would be too much tho . 

Pls send feedback and/or add some fresh Ideas.
        "
1	0	http://boards.na.leagueoflegends.com/en/c/team-recruitment/RqGzyTxB-l4-people-to-play-flex-with-add-meh	recent	L4 People to play flex with add meh	PizzaDoggo2	(NA)	2016-11-17T23:04:55.113+0000	6	0	"
          bruh
        "
1	0	http://boards.na.leagueoflegends.com/en/c/gameplay-balance/APwHqmc2-were-item-sets-removed	recent	Were Item Sets Removed?	Wrathina	(NA)	2016-11-17T23:03:08.352+0000	6	0	"
          Were item sets removed in the new client? They were there in game yesterday, but I can&#039;t seem to locate them today.

If they were, please highly consider adding them back to the game. I find them highly useful, especially when I&#039;m playing a champion or a class that I&#039;m not familiar with.
        "
1	0	http://boards.na.leagueoflegends.com/en/c/bug-report/JFlFxklo-how-do-i-fix-screen-flicker-in-game-on-new-client	recent	How do I fix screen flicker in-game on new client	Sniper Eyes	(NA)	2016-11-17T23:03:03.239+0000	5	0	"
          whenever im on new client it runs perfect but as soon as the actually game starts loading my screen starts to flicker now i can alt+enter and i can make it into a window and i can see fine but my fps takes a dive any help would be appreciated
        "
1	0	http://boards.na.leagueoflegends.com/en/c/bug-report/LEx43n4W-i-cant-play-league-anymore-the-client-wont-work	recent	I can't play League anymore, the client won't work	Hrd2H1t	(NA)	2016-11-17T23:02:51.248+0000	7	0	"
          Whenever I try to open the client. When I try to open League again, I get an error message and this... thing.

http://imgur.com/vp06lKY

Can anyone help me?
        "
1	0	http://boards.na.leagueoflegends.com/en/c/story-art/XMxIdk6A-snowdown-music	recent	Snowdown music	BADxW0LF	(NA)	2016-11-17T23:02:19.666+0000	8	0	"
          Was wondering if your snowdown music will ever be on Spotify. Last year&#039;s was amazing. Really want to add it to my christmas playlist.
        "
1	1	http://boards.na.leagueoflegends.com/en/c/bug-report/rUwHQotT-unable-to-remake-after-teammate-died	recent	Unable to remake after teammate died.	Dunk4life	(NA)	2016-11-17T23:01:56.454+0000	14	2	"
          So today I am playing  with my friend in a normal game but he died to red buff because he dced. He couldn&#039;t connect to  the internet for 10 minutes and we couldn&#039;t remake because of his death. Similar thing happened last time in a ranked game when our jungler lee sin  died when he invade and ragequit. We players should be able to remake when this kind of things happen.
        "
1	0	http://boards.na.leagueoflegends.com/en/c/bug-report/mZ627EOj-cant-click-accept	recent	"Cant click "" ACCEPT """	TheLastKamykaze	(EUNE)	2016-11-17T23:00:30.696+0000	6	0	"
          Here are the images. As you can see both the Accept and the Decline buttons are flat. Because of that i have a penalty.
https://i.imgsafe.org/e3556331fc.png
https://i.imgsafe.org/e3554d92d4.png
        "
1	0	http://boards.na.leagueoflegends.com/en/c/memes/dlGjWVpB-when-you-see-a-bunch-of-talk-about-a-new-champ-on-the-boards	recent	When you see a bunch of talk about a new champ on the boards...	TyrekGoldenspear	(NA)	2016-11-17T22:59:42.088+0000	12	7	"
          But you were so late to the boards you saw threads talking about her without any links to the comic.

http://s2.quickmeme.com/img/ff/ff3fee27b5eb23e7668d225661323c9a5ef4fcd2b2e6156fa08820e198a69fd5.jpg

But then you actually see the comic.

https://cdn.meme.am/cache/instances/folder666/400x400/47703666.jpg

And then your first thought is...

{{champion:112}} Well... There are _some_ things Piltover has going for it...
        "
1	0	http://boards.na.leagueoflegends.com/en/c/team-recruitment/yi36vZal-lf-plat-jungler-for-compete-league-team	recent	LF plat  jungler for compete league  team	BronzeGatekepper	(NA)	2016-11-17T22:59:41.415+0000	4	0	"
          add me
        "
1	0	http://boards.na.leagueoflegends.com/en/c/bug-report/Lw2mB2kR-banning-problem-for-draft-mode-in-new-league-client	recent	Banning problem for draft mode in new league client	reznov859	(NA)	2016-11-17T22:57:15.367+0000	4	0	"
          I got kicked out of a game for banning a champ and i got a queue failure for 6 minutes. this doesnt make any sence. i did exactly what was needed to do and i got kicked out of champion select.
        "
2	0	http://boards.na.leagueoflegends.com/en/c/gameplay-balance/xN5y9bwx-can-ziggs-get-a-better-attack-animation-considering-it-is-part-of-his-kit	recent	Can Ziggs get a better attack animation? Considering, it is part of his kit....	xxxMadLionxxx	(NA)	2016-11-17T22:57:07.850+0000	11	2	"
          Ziggs passive occasionally grants his next auto attack some AP scaling, but the thing that has been bothering me, is the fact that it is one of the worst attack animations in the game. It is slow as hell with a long wind up. Other mages who have no ap scaling on there auto attacks have better animations.

I just think its kinda silly for him to have such a horrible attack when he actually needs to use it to get damage off. Other mages don&#039;t use there auto attacks so it doesn&#039;t matter if it is bad.

In Ziggs case, his auto attacks matters....Can he get a decent animation please?

Thanks
        "
1	0	http://boards.na.leagueoflegends.com/en/c/team-recruitment/LPHEyUtV-need-a-top-laner-for-flex-and-team	recent	need a top laner for flex and team	The Auhvenger	(NA)	2016-11-17T22:57:01.332+0000	7	0	"
          Need a good and consistent top lane for team as well as flex que we have 4 on right now so add me for inv
        "
1	0	http://boards.na.leagueoflegends.com/en/c/team-recruitment/kkqZxv0U-need-1-for-flex	recent	need 1 for flex.	cunca	(NA)	2016-11-17T22:55:58.336+0000	7	0	"
          hit me up.     cunca
        "
1	0	http://boards.na.leagueoflegends.com/en/c/team-recruitment/zjZQYk2a-support-main-looking-for-a-competitive-team	recent	Support main looking for a competitive team	MLG Mata	(NA)	2016-11-17T22:55:41.565+0000	3	0	"
          I am gold 4 and been playing league since season 4. Wanting to join a league of some sorts like compete league or the BSGL. I have tons of competitive experience. Add me @MLG Mata if interested. Thanks!
        "
1	0	http://boards.na.leagueoflegends.com/en/c/story-art/x3Es0aww-urf-the-manatee-warwick-on-sale-as-well-as-other-rare-skins	recent	Urf the Manatee Warwick on sale as well as other rare skins???	JewishCooker	(NA)	2016-11-17T22:55:09.012+0000	14	0	"
          so im going through champs and i can see that these skins look like there up for purchase and i dont know if they exactlly are tbh
        "
1	0	http://boards.na.leagueoflegends.com/en/c/gameplay-balance/WKPccEFO-placement-and-roll-out-potential-fix-question	recent	Placement and roll out potential fix question	SandG LingLing	(EUW)	2016-11-17T22:54:33.794+0000	5	0	"
          This is what happend to me. 

Im Plat v 80LP in Solo/duo 2016
7w/3l gold 2 in flex.  The fix for matchmaking issue in ranked flex happend, &quot;you will need to play one additional placement game to determine your new ranking.&quot; my stats was 12w/6l (+5w/+3l).. I managed to get to Gold 1 promo. before this &quot;fix&quot;

Then got placed in Silver 1? Please tell me why i should fall 5 division down in 1 game... {{item:3070}}
        "
1	0	http://boards.na.leagueoflegends.com/en/c/story-art/yNoEiBoX-sol-and-veigar	recent	Sol and Veigar?	xHeartless	(NA)	2016-11-17T22:54:16.283+0000	7	1	"
          Wouldn&#039;t it be interesting if Veigar had some connection to Aurielon Sol?  Who knows. Maybe Sol bestowed his celestial powers to the crazed and lonely yordle as a plot to get back at Targon, while also promising Veigar his vengeance on the Noxians who imprisoned him? How would that have gone down?
        "
1	0	http://boards.na.leagueoflegends.com/en/c/miscellaneous/VmwLceyO-what-is-schrodingeros-garen	recent	What is Schrodingerâ€™s Garen?	Danjeng	(NA)	2016-11-17T22:53:03.313+0000	25	1	"
          It is mentioned in the board&#039;s M&G Guidelines.

My best {{champion:86}} guess is {{champion:86}} that if brush {{champion:86}} is unwarded, Garen is in {{champion:86}} a state of both hiding {{champion:86}} there, while not.

You can never be sure. He's everywhere. Just waiting to serve Demacian Justice.
But I'm curious to what is really meant by Shrodinger's Garen.
        "
1	0	http://boards.na.leagueoflegends.com/en/c/gameplay-balance/0B9OQ9ii-ranked-system-is-broken	recent	Ranked system is broken	See Lins Q 	(NA)	2016-11-17T22:52:09.230+0000	11	3	"
          I am silver 2 and all 10 of my flex games were against high gold and low plat players.  I go 6 and 4 and get placed in bronze.  How does that even make sense?
        "
1	0	http://boards.na.leagueoflegends.com/en/c/memes/w26jNVji-there-are-basically-three-types-of-lee-sin-players	recent	There are basically three types of Lee Sin players	Vortexdragon2000	(NA)	2016-11-17T22:52:04.365+0000	15	0	"
          Ones that are like this:
https://media.giphy.com/media/3oriNP7vd4qxw4tDZ6/source.gif 

And there are those who are like this:
http://i.imgur.com/qIpwm74.gif 

Aaaand there&#039;s this
http://pa1.narvii.com/5669/1c4845591f90490e4371779adb3c515eebb40e68_hq.gif
        "
4	0	http://boards.na.leagueoflegends.com/en/c/memes/k0Ac9Byq-what-i-am-like-when-i-visit-another-website-than-mg-boards-for-memes	recent	What I am like when I visit another website than M&G boards for memes...	Mad King Hades	(NA)	2016-11-17T22:51:00.519+0000	16	2	"
          https://i.imgflip.com/15edpx.jpg
        "
1	1	http://boards.na.leagueoflegends.com/en/c/gameplay-balance/7kbU7NGI-matchmaking-is-placing-me-with-higher-elo-players	recent	Matchmaking is placing me with higher elo players	Bandle City	(NA)	2016-11-17T22:49:35.549+0000	16	1	"
          AND I&#039;M LOVING IT!

I&#039;m not sure what caused this considering I&#039;ve been B3-S5 for the past couple seasons however so far this preseason I have over a 90% win ratio so that&#039;s what I&#039;m attributing to this. Anyways, in several recent games I&#039;ve been getting matched up with gold and platinum elo players and though it&#039;s made things considerably tougher I&#039;m personally loving the challenge.

These players are actually punishing me hard for my mistakes which is in turn FORCING me to learn and adapt in real time just to avoid losing to them and the element of randomness in terms of teams throwing back and forth feels almost gone from these games. Because I literally have to try hard just to not die too it keeps me from going on auto pilot which has seen to it that I play better more consistently now too.

I wish I could get matched with higher elo players more often because this is what it takes for me to improve and get better at this game. I learn by being punished over and over again for every tiny little mistake that I make which other Bronze and Silver players just don&#039;t do for me. I&#039;ll be sad if it turns out that this is a bug though and that it&#039;ll get fixed because then my learning will slow down again... x.x

Anyone else experiencing this though and if so, what are your thoughts on it?
        "
1	0	http://boards.na.leagueoflegends.com/en/c/gameplay-balance/ZY71Nbl5-riot-is-garen-not-getting-the-armor-shred	recent	@Riot Is Garen not getting the armor shred?	Big Lincoln	(NA)	2016-11-17T22:49:22.380+0000	10	0	"
          I know Riot plans to release the changes in 6.24 and not this patch, but I&#039;m just wondering if you guys came up with another idea that you liked better, or if you&#039;re just holding off to tune the numbers

Somebody mentioned a &#039;new mechanic&#039; for Garen - presumably not armor shred? Are you guys willing to tell us what it is?
        "
1	0	http://boards.na.leagueoflegends.com/en/c/gameplay-balance/uuQLVnyG-i-need-help-to-learn-how-to-play-braum-correctly	recent	I need help to learn how to play Braum correctly	OokamiNoSora	(NA)	2016-11-17T22:48:33.094+0000	12	2	"
          So title pretty much says it all. I really like Braum as a character but I find that enjoy him a heck of a lot more after lane phase. And I figured Id ask what im doing wrong during lane phase. I pretty much just try and hit with q and jump shield my ally if it will help. But thats pretty much it. Is there something I should be doing differently please let me know ^^ bc I really want to get better at him hes a lot of fun.
        "
1	0	http://boards.na.leagueoflegends.com/en/c/team-recruitment/MplY8cWU-plat-4-midtop-lf-flex-queue	recent	plat 4 mid/top LF flex queue	Paleo jables	(NA)	2016-11-17T22:48:28.010+0000	5	0	"
          add me for games
        "
1	0	http://boards.na.leagueoflegends.com/en/c/skin-champion-concepts/mf9ondbJ-help-with-completing-a-champion-idea	recent	Help with completing a champion idea	Invincible00	(EUW)	2016-11-17T22:48:08.042+0000	5	1	"
          So I was rvising for exams when this champion idea came to me the main theme is a champion that can change autoatacks throu changing his weapon 
So for his Q i thout of a syth (since i think league need one on a champion) when he activate Q his weapon changes to a syth and his auto becaume melee and aoe and he get a passive for a duration after the activation giving him bonuses that fit to his syth like life steal or atack speed or every 3rd auto he striks in a circle around him also when activated he pulles enemy toward him abit  so he uses Q pull enemys and get a buff for a duration then he just auto normally
for W i thout of gunns I didn&#039;t think of the activation ability like the pull on his Q but it can be a skill shot in a line and gets a buff that fits his guns play style ofc he gets range
for E i thout of a weapon that looks like akalie&#039;s weapon abit but attached to a chain it has medum range (not as long as his gun form) when activated he lunches a skillshot in a line that stuns the first enemy hit and he get pulled to them put doesn&#039;t pull the enemy stun and when cast on a wall he can leap to it and if it&#039;s thin enauph he can leap behind the wall 
For ult i haven&#039;t thout of it well but it can boost all the efects of his abilities for a duration 
Also i haven&#039;t thout of a passive 
Auto attack damage is not the same at all form so you won&#039;t get to play only using one auto attack form for the rest of the game so maybe damage reduction on a form and damage buff on another one
But i layed like a theme or a base idea and i&#039;d like coments to complete what is missing or changes and make it fan made
Just few things i really want is the syth because i think it&#039;s a cool weapon (that is not used properlly by fiddelsticks xD) and beside using it to throw bananas i think it should be used to slash enemys in meele attacks and i&#039;d love white hair and red eyes *_*
        "
1	0	http://boards.na.leagueoflegends.com/en/c/bug-report/0YAE278x-gameplay-ability-level-up-arrow-wont-go-away	recent	[GAMEPLAY] Ability Level Up Arrow won't go away	TheUltimateLife	(NA)	2016-11-17T22:47:50.718+0000	10	0	"
          Hey all,

More often than not over the last few patches (not sure exactly when it started) when I go to level up an ability on a champ by clicking the arrow above the move (q,w,e), the arrow becomes slightly grayed out, but remains until the next time I level the ability again. This is pretty annoying when it seems like I&#039;ve forgotten to level something and can&#039;t click it, or if this bug takes places when ranking for the 5th time and is then permanently stuck for the rest of the game. To be honest I&#039;m not sure if it&#039;s purely visual (and haven&#039;t even thought about it until just now) but doubt that my skills are actually not leveling. 

I&#039;ve never really reported a bug before and usually whatever I notice eventually becomes fixed in the next patch, but this time it&#039;s been a while and I haven&#039;t seen anyone else mention it. I&#039;d say by estimate it actually happens about 40% of the time but seems to be getting more frequent. Unfortunately I do not have any screenshots, nor would I know how exactly to provide one. So if there&#039;s any confusion on what exactly I am talking about just let me know and I&#039;ll see if I can explain it. 

Thanks!
        "
2	2	http://boards.na.leagueoflegends.com/en/c/gameplay-balance/EHvhoNgt-fix-your-matchmaking-part-2	recent	Fix your Matchmaking PART 2	Kewlipo	(NA)	2016-11-17T22:47:02.993+0000	29	1	"
          I&#039;m not even in placements anymore.

And I&#039;m still getting these games. 

Vik is currently 0/5 in our game.

Fix.
        "
1	0	http://boards.na.leagueoflegends.com/en/c/bug-report/RxY56mX4-cant-open-old-clientcant-buy-skinsnew-client-bug	recent	Cant open old client/Cant buy skins/New Client Bug.	Xylosis	(NA)	2016-11-17T22:46:38.796+0000	11	0	"
          Topic may be a bit confusing, but what I mean is I cant open the client through the main way (On patcher and hitting launch) I can only open my client through the alpha client i installed when I was accepted. While I had the alpha i was able to open the old client and play it through the patcher, so its not like the files are messed up. Also, I personally hate on the new client how long it takes to look at a skins splash art from the store. When I look at the splash though, and when I went to buy the skin (Jayce Brighthammer) it didnt let me purchase. Finally, I dont know if this is only me, but when I get into champ select, or go into any page or anything on the new client that is like out of the default places (clicking on a champ in the store, champ select, etc.) this happens: (gyazo link)
        "
1	1	http://boards.na.leagueoflegends.com/en/c/skin-champion-concepts/QMN85Anr-pre-season-ranked-placements-with-wiidsquirtle	recent	Pre-Season Ranked Placements! With Wiidsquirtle	ZionSquirtle	(EUW)	2016-11-17T22:46:16.226+0000	8	0	"
          Lets go famalamz
        "
1	0	http://boards.na.leagueoflegends.com/en/c/gameplay-balance/cye0vnmT-teemo-passive-change-and-r-change	recent	Teemo Passive Change and R change	Pupel	(NA)	2016-11-17T22:46:14.434+0000	13	2	"
          Can we change teemo&#039;s passive to:
If Teemo stands still for 1 second he becomes invisable. Upon coming out of stealth his first auto attacks amplifies all DoT damage on the target by X amount as long as Teemo remains in combat with the target.

And change his shrooms so they can no longer be disabled or destroyed but made visable by sweepers and control wards. 

These would allow him to be more easily balanced and not force him to build like a bruiser to be effective
        "
2	0	http://boards.na.leagueoflegends.com/en/c/memes/8OdzOFgU-what-people-are-like-when-they-visit-the-mg-boards	recent	What people are like when they visit the M&G boards....	Mad King Hades	(NA)	2016-11-17T22:46:00.780+0000	9	1	"
          http://i1.kym-cdn.com/photos/images/facebook/000/976/772/015.jpeg
        "
1	0	http://boards.na.leagueoflegends.com/en/c/bug-report/dEEda84s-client-static-when-recording-a-replay	recent	[CLIENT] Static when recording a Replay	AngryShrimp	(NA)	2016-11-17T22:45:28.176+0000	8	0	"
          WARNING THE VIDEO WILL HURT YOUR EARS!!!!

This happens every time I go to record a play using the new replay feature. It just happening all the time. It&#039;s worth noting the replay itself is fine, its just the webm that is recorded via the replay clients record button.

Steps for reproduction:
1. Download a replay
2. Watch replay
3. Record the replay via the in client record button (ctrl+v)
4. Listen to the replay.

I feel like this is an issue on my end (or at lesat with my machine?)

Let me know if there is anything else I can try to help fix this!
        "
1	5	http://boards.na.leagueoflegends.com/en/c/gameplay-balance/Iwna2Ewx-black-cleaver-is-the-most-overloaded-item-in-the-game	recent	Black Cleaver is the most overloaded item in the game	Neko Caitlyn	(NA)	2016-11-17T22:42:48.506+0000	36	3	"
          {{item:3071}} gives a shit ton of HP, damage, **20% CDR**, a speed boost, and potentially AOE armor reduction that also benefits teammates. All for a strong build path and relatively low cost.

Compare the cost to other core damage items such as {{item:3031}} {{item:3072}} {{item:3089}} {{item:3078}} 

How is this allowed?
        "
1	0	http://boards.na.leagueoflegends.com/en/c/gameplay-balance/EGWXOeWc-support-gold-income-idea	recent	Support gold income idea	Akenero	(NA)	2016-11-17T22:42:17.783+0000	9	0	"
          So, supports just don&#039;t get gold, we all know that. A big part of it is that they have to buy a support item AND sightstone, or combine them, but sacrifice active item effects. Why not give sightstone increased gold per second based upon map coverage across the team? It would be a neutral power spike for pro play, and would give more incentive for layers to ward in lower elo games. Also, supports are boring to many people because they aren&#039;t super flashy. Of anyone remembers when thresh was released, support was one of the more popular roles back then because he brought just so much playmaking potential to the role. I know that many people picked up the role when he was released, and bard is the only other champion I can think of who revolutionized the role as much as thresh. 
Lastly, if more lanes were opened up to support, as was done with ivern(though he has not revolutionized the role much yet), more people would play them. Imagine a support who could legitimately go top lane, while there is a bruiser bot who can legitimately fulfill his role. Champions don&#039;t have to be released in an op state anymore, and if a champion is severely underplayed on release, support them by making other champions work well with them.
        "
1	0	http://boards.na.leagueoflegends.com/en/c/gameplay-balance/EEfOkAbW-isnt-the-autofill-protected-bonus-essentially-pointless	recent	"Isn't the ""autofill protected"" bonus essentially pointless?"	Numb3rs	(NA)	2016-11-17T22:40:44.815+0000	51	15	"
          &quot;you&#039;re guaranteed one of your selected roles this game because you recently filled or played support.&quot;

i mean... aren&#039;t we guaranteed one of our two selected roles fucking regardless? i don&#039;t even understand the point of this
        "
3	0	http://boards.na.leagueoflegends.com/en/c/gameplay-balance/Fr5X5Yqh-since-the-whole-point-of-ar-pen-runes-was-nerfed-and-made-useless-refund-lethalityhybrid-pen-runes	recent	Since the whole point of AR pen runes was nerfed and made useless, refund lethality/hybrid pen runes	Mr Poopybunghole	(NA)	2016-11-17T22:39:59.514+0000	16	0	"
          Hybrid pen and AR pen runes existed to be strong early game stats. Since they were nerfed, let us refund them. I will never use Hybrid pen runes again, especially since Akali scales better with AD now and buffs have negative armor making hybrid pen runes even less appealing on Elise. 

They were already ridiculously overpriced to begin with. It&#039;s unfair to have us waste ~10,000 IP on 2 sets of useless runes.
        "
1	0	http://boards.na.leagueoflegends.com/en/c/team-recruitment/T6th4ZNr-plat-adc-lf-a-team-on-flex	recent	Plat ADC LF a team on flex :)	2bz L4L	(NA)	2016-11-17T22:38:32.245+0000	6	0	"
          IGN: 2bz L4L
Last season ended on Plat 4 cuz I started ranked matches on Oct 26...... 2weeks
Preferred champ: {{champion:202}} {{champion:222}} {{champion:51}} {{champion:81}} 
TIme availability: 5pm EST ~~~~
        "
1	0	http://boards.na.leagueoflegends.com/en/c/skin-champion-concepts/XOAHY2Ee-live-stream-pand3monium-gold-top-main	recent	Live Stream - panD3MONium - Gold Top Main	panD3MONium	(NA)	2016-11-17T22:35:53.952+0000	9	0	"
          Streaming live. Small stream so very social with my audience. Any follower are appreciated since it shows a lot of support to me. I don&#039;t ask for donatations and feel I need to prove myself as a streamer before I do start asking.
        "
1	0	http://boards.na.leagueoflegends.com/en/c/bug-report/yjH3E3X9-masteries-622	recent	Masteries 6.22	RainbowPanda11	(NA)	2016-11-17T22:35:22.448+0000	10	0	"
          You can&#039;t do masteries during champion select because of how slow the client is. It either doesn&#039;t show up at all or it says you have no mastery points to put into the mastery page. This has screwed me up more than a couple times and I request it to be fixed. Thanks riot 

-RainbowPanda11 {{item:3070}} {{item:3070}}
        "
